timestamp,open,high,low,close,volume
2024-08-14,242.0,242.0,230.0,234.0,4854300.0
2024-08-15,234.0,240.0,230.0,232.0,3389400.0
2024-08-16,234.0,236.0,230.0,230.0,1479600.0
2024-08-19,230.0,278.0,228.0,262.0,53893600.0
2024-08-20,262.0,268.0,252.0,260.0,14096500.0
2024-08-21,260.0,264.0,252.0,254.0,3905000.0
2024-08-22,254.0,274.0,248.0,252.0,20228500.0
2024-08-23,252.0,266.0,250.0,252.0,12192100.0
2024-08-26,252.0,262.0,252.0,256.0,3844100.0
2024-08-27,256.0,258.0,250.0,252.0,2480300.0
2024-08-28,256.0,276.0,252.0,268.0,46265100.0
2024-08-29,268.0,280.0,262.0,264.0,16921400.0
2024-08-30,264.0,270.0,262.0,264.0,4295700.0
2024-09-02,264.0,278.0,262.0,266.0,11512800.0
2024-09-03,266.0,270.0,260.0,262.0,3213900.0
2024-09-04,260.0,262.0,248.0,250.0,6423300.0
2024-09-05,250.0,258.0,248.0,254.0,2102300.0
2024-09-06,256.0,258.0,252.0,256.0,899000.0
2024-09-09,210.0,256.0,210.0,248.0,2639700.0
2024-09-10,248.0,256.0,248.0,250.0,1623700.0
2024-09-11,250.0,252.0,236.0,240.0,5013800.0
2024-09-12,240.0,244.0,236.0,238.0,2183000.0
2024-09-13,238.0,242.0,238.0,238.0,523900.0
2024-09-17,238.0,242.0,236.0,238.0,1765300.0
2024-09-18,238.0,240.0,234.0,238.0,1364100.0
2024-09-19,238.0,240.0,234.0,236.0,1358300.0
2024-09-20,236.0,240.0,236.0,240.0,1149600.0
2024-09-23,240.0,242.0,236.0,240.0,858400.0
2024-09-24,240.0,242.0,236.0,238.0,1978100.0
2024-09-25,238.0,238.0,232.0,232.0,1408300.0
2024-09-26,234.0,248.0,234.0,240.0,2888500.0
2024-09-27,242.0,244.0,228.0,232.0,8346900.0
2024-09-30,232.0,234.0,228.0,228.0,1723300.0
2024-10-01,228.0,238.0,228.0,234.0,2112100.0
2024-10-02,234.0,236.0,230.0,232.0,1720400.0
2024-10-03,232.0,246.0,230.0,240.0,7735600.0
2024-10-04,250.0,250.0,234.0,234.0,2773400.0
2024-10-07,234.0,240.0,232.0,234.0,841100.0
2024-10-08,234.0,236.0,232.0,236.0,881900.0
2024-10-09,236.0,244.0,236.0,238.0,2793600.0
2024-10-10,238.0,242.0,236.0,238.0,1158700.0
2024-10-11,238.0,252.0,238.0,246.0,12323700.0
2024-10-14,246.0,252.0,242.0,250.0,9346100.0
2024-10-15,250.0,254.0,246.0,248.0,2950100.0
2024-10-16,248.0,266.0,248.0,258.0,17379000.0
2024-10-17,260.0,270.0,258.0,262.0,25283600.0
2024-10-18,264.0,270.0,260.0,260.0,10400100.0
2024-10-21,262.0,266.0,258.0,260.0,4442200.0
2024-10-22,260.0,264.0,256.0,258.0,3046000.0
2024-10-23,258.0,278.0,258.0,268.0,28146200.0
2024-10-24,268.0,270.0,264.0,266.0,8186800.0
2024-10-25,266.0,270.0,258.0,260.0,5927000.0
2024-10-28,262.0,264.0,250.0,256.0,5034600.0
2024-10-29,260.0,260.0,250.0,252.0,2483500.0
2024-10-30,252.0,252.0,240.0,242.0,3735700.0
2024-10-31,240.0,248.0,240.0,248.0,1874000.0
2024-11-01,248.0,252.0,244.0,248.0,1809400.0
2024-11-04,246.0,250.0,236.0,240.0,2215900.0
2024-11-05,242.0,244.0,228.0,230.0,5198500.0
2024-11-06,230.0,238.0,226.0,228.0,6277000.0
2024-11-07,228.0,228.0,220.0,224.0,4354900.0
2024-11-08,224.0,226.0,222.0,226.0,746400.0
2024-11-11,226.0,226.0,216.0,224.0,953000.0
2024-11-12,224.0,228.0,218.0,226.0,1520000.0
2024-11-13,230.0,230.0,220.0,224.0,535800.0
2024-11-14,224.0,224.0,220.0,222.0,592800.0
2024-11-15,222.0,226.0,220.0,220.0,388600.0
2024-11-18,220.0,222.0,212.0,214.0,1579100.0
2024-11-19,214.0,220.0,208.0,214.0,3302700.0
2024-11-20,214.0,222.0,214.0,214.0,1654600.0
2024-11-21,214.0,220.0,214.0,216.0,718600.0
2024-11-22,216.0,220.0,214.0,216.0,345800.0
2024-11-25,216.0,218.0,216.0,216.0,862400.0
2024-11-26,216.0,218.0,216.0,218.0,835300.0
2024-11-28,218.0,220.0,214.0,218.0,837500.0
2024-11-29,218.0,220.0,212.0,212.0,687300.0
2024-12-02,216.0,216.0,204.0,206.0,1596100.0
2024-12-03,206.0,210.0,204.0,208.0,914400.0
2024-12-04,210.0,214.0,210.0,214.0,991000.0
2024-12-05,214.0,216.0,210.0,214.0,462200.0
2024-12-06,214.0,216.0,212.0,214.0,383200.0
2024-12-09,214.0,218.0,212.0,214.0,520800.0
2024-12-10,216.0,218.0,212.0,216.0,500200.0
2024-12-11,216.0,224.0,214.0,222.0,2168100.0
2024-12-12,224.0,226.0,218.0,220.0,2632900.0
2024-12-13,220.0,222.0,218.0,222.0,644000.0
2024-12-16,222.0,222.0,210.0,212.0,1326500.0
2024-12-17,212.0,214.0,208.0,208.0,507400.0
2024-12-18,208.0,212.0,206.0,210.0,821700.0
2024-12-19,210.0,210.0,200.0,202.0,1738700.0
2024-12-20,202.0,208.0,202.0,206.0,439800.0
2024-12-23,206.0,208.0,204.0,208.0,266100.0
2024-12-24,206.0,210.0,202.0,202.0,962100.0
2024-12-27,204.0,206.0,202.0,206.0,1538600.0
2024-12-30,206.0,206.0,199.0,204.0,1408200.0
2025-01-02,206.0,206.0,202.0,204.0,492200.0
2025-01-03,206.0,206.0,202.0,204.0,694200.0
2025-01-06,202.0,206.0,202.0,204.0,559500.0
2025-01-07,204.0,204.0,202.0,204.0,431300.0
2025-01-08,204.0,204.0,199.0,202.0,1282000.0
2025-01-09,200.0,204.0,199.0,200.0,700200.0
2025-01-10,200.0,200.0,195.0,195.0,2308100.0
2025-01-13,195.0,197.0,190.0,192.0,2404800.0
2025-01-14,192.0,197.0,190.0,193.0,905800.0
2025-01-15,193.0,196.0,192.0,194.0,1269400.0
2025-01-16,195.0,197.0,195.0,195.0,1059500.0
2025-01-17,196.0,196.0,193.0,194.0,550000.0
2025-01-20,196.0,196.0,194.0,196.0,645700.0
2025-01-21,196.0,202.0,196.0,196.0,1351100.0
2025-01-22,196.0,197.0,194.0,195.0,1146600.0
2025-01-23,195.0,198.0,194.0,195.0,1370700.0
2025-01-24,196.0,197.0,194.0,194.0,674100.0
2025-01-30,195.0,195.0,189.0,191.0,909500.0
2025-01-31,191.0,192.0,189.0,190.0,386800.0
2025-02-03,190.0,192.0,183.0,184.0,1850700.0
2025-02-04,184.0,197.0,183.0,186.0,7868800.0
2025-02-05,187.0,193.0,187.0,191.0,1215800.0
2025-02-06,191.0,191.0,182.0,183.0,1170800.0
2025-02-07,183.0,183.0,178.0,178.0,1298700.0
2025-02-10,179.0,179.0,170.0,171.0,1655700.0
2025-02-11,170.0,170.0,158.0,161.0,4578600.0
2025-02-12,163.0,165.0,159.0,160.0,1165900.0
2025-02-13,164.0,164.0,154.0,161.0,1805600.0
2025-02-14,161.0,162.0,159.0,162.0,1338900.0
2025-02-17,162.0,189.0,162.0,178.0,5874100.0
2025-02-18,187.0,212.0,185.0,195.0,22008800.0
2025-02-19,189.0,193.0,185.0,187.0,2767400.0
2025-02-20,187.0,189.0,174.0,180.0,4157100.0
2025-02-21,180.0,180.0,174.0,176.0,1198500.0
2025-02-24,176.0,178.0,173.0,176.0,1050200.0
2025-02-25,176.0,178.0,169.0,170.0,1432100.0
2025-02-26,170.0,173.0,167.0,167.0,776100.0
2025-02-27,167.0,173.0,160.0,165.0,1695300.0
2025-02-28,165.0,166.0,159.0,160.0,1183900.0
2025-03-03,160.0,166.0,159.0,162.0,1975700.0
2025-03-04,162.0,164.0,156.0,157.0,2002900.0
2025-03-05,160.0,162.0,156.0,156.0,1377600.0
2025-03-06,158.0,175.0,158.0,167.0,4095700.0
2025-03-07,167.0,170.0,166.0,169.0,2154700.0
2025-03-10,170.0,175.0,164.0,165.0,5240800.0
2025-03-11,163.0,164.0,158.0,160.0,2071500.0
2025-03-12,160.0,163.0,160.0,163.0,1924300.0
2025-03-13,160.0,164.0,159.0,160.0,600800.0
2025-03-14,160.0,162.0,158.0,162.0,599400.0
2025-03-17,162.0,163.0,155.0,159.0,1217800.0
2025-03-18,159.0,161.0,152.0,158.0,1597300.0
2025-03-19,158.0,160.0,156.0,158.0,1020400.0
2025-03-20,158.0,162.0,155.0,156.0,1582000.0
2025-03-21,156.0,156.0,150.0,153.0,821000.0
2025-03-24,153.0,157.0,144.0,149.0,1839600.0
2025-03-25,150.0,178.0,150.0,161.0,9877700.0
2025-03-26,161.0,206.0,158.0,178.0,42504800.0
2025-03-27,183.0,190.0,170.0,170.0,12133000.0
2025-04-08,145.0,157.0,145.0,148.0,5609800.0
2025-04-09,149.0,153.0,148.0,149.0,1656400.0
2025-04-10,155.0,162.0,155.0,158.0,2164500.0
2025-04-11,157.0,162.0,155.0,157.0,1232000.0
2025-04-14,164.0,176.0,161.0,167.0,4486500.0
2025-04-15,170.0,172.0,165.0,166.0,5054700.0
2025-04-16,167.0,168.0,162.0,164.0,1572000.0
2025-04-17,165.0,169.0,163.0,165.0,2911000.0
2025-04-21,165.0,168.0,160.0,163.0,2414000.0
2025-04-22,163.0,172.0,163.0,169.0,6786400.0
2025-04-23,170.0,172.0,169.0,170.0,4605300.0
2025-04-24,171.0,175.0,169.0,171.0,3525500.0
2025-04-25,174.0,179.0,172.0,172.0,4340100.0
2025-04-28,174.0,176.0,172.0,173.0,1201700.0
2025-04-29,174.0,184.0,174.0,178.0,8659500.0
2025-04-30,179.0,240.0,179.0,220.0,175339600.0
2025-05-02,222.0,244.0,212.0,226.0,75933400.0
2025-05-05,228.0,272.0,218.0,260.0,149508000.0
2025-05-06,266.0,276.0,260.0,260.0,58278600.0
2025-05-07,262.0,268.0,242.0,244.0,25412100.0
2025-05-08,246.0,266.0,240.0,250.0,38946600.0
2025-05-09,252.0,256.0,240.0,242.0,9771800.0
2025-05-14,244.0,250.0,228.0,230.0,15960300.0
2025-05-15,232.0,250.0,232.0,250.0,29721600.0
2025-05-16,252.0,252.0,236.0,242.0,14719200.0
2025-05-19,242.0,254.0,236.0,242.0,29588600.0
2025-05-20,246.0,248.0,230.0,232.0,10742900.0
2025-05-21,232.0,246.0,228.0,246.0,16959400.0
2025-05-22,246.0,252.0,240.0,246.0,16327600.0
2025-05-23,264.0,266.0,254.0,260.0,19614100.0
2025-05-26,260.0,262.0,250.0,254.0,16584200.0
2025-05-27,256.0,260.0,248.0,248.0,9573300.0
2025-05-28,250.0,258.0,240.0,242.0,21725400.0
2025-06-02,242.0,248.0,234.0,234.0,12821300.0
2025-06-03,234.0,240.0,232.0,238.0,8118800.0
2025-06-04,240.0,248.0,236.0,244.0,13395900.0
2025-06-05,246.0,248.0,234.0,240.0,11669500.0
2025-06-10,240.0,250.0,236.0,238.0,17172700.0
2025-06-11,238.0,254.0,232.0,244.0,30130900.0
2025-06-12,246.0,304.0,242.0,304.0,226284000.0
2025-06-13,306.0,354.0,268.0,298.0,331975200.0
2025-06-16,300.0,316.0,282.0,300.0,78266000.0
2025-06-17,304.0,306.0,292.0,294.0,19560900.0
2025-06-18,294.0,328.0,286.0,316.0,115920000.0
2025-06-19,316.0,316.0,282.0,290.0,45040900.0
2025-06-20,294.0,296.0,272.0,276.0,26919800.0
2025-06-23,270.0,270.0,252.0,256.0,19294100.0
2025-06-24,262.0,294.0,246.0,288.0,65630500.0
2025-06-25,290.0,304.0,272.0,272.0,42249200.0
2025-06-26,276.0,288.0,274.0,282.0,13212600.0
2025-06-30,290.0,304.0,284.0,296.0,47462000.0
2025-07-01,300.0,300.0,284.0,288.0,16141300.0
2025-07-02,290.0,302.0,276.0,280.0,32825200.0
2025-07-03,286.0,328.0,282.0,318.0,190083800.0
2025-07-04,320.0,338.0,308.0,310.0,165700300.0
2025-07-07,320.0,334.0,316.0,320.0,48222800.0
2025-07-08,320.0,324.0,310.0,316.0,23976400.0
2025-07-09,316.0,326.0,310.0,314.0,29295200.0
2025-07-10,316.0,322.0,310.0,314.0,22770300.0
2025-07-11,314.0,316.0,294.0,300.0,51020700.0
2025-07-14,302.0,304.0,276.0,280.0,60751900.0
2025-07-15,280.0,284.0,262.0,280.0,59746100.0
2025-07-16,282.0,304.0,278.0,294.0,120764800.0
2025-07-17,296.0,300.0,288.0,290.0,26226600.0
2025-07-18,290.0,292.0,276.0,284.0,48603700.0
2025-07-21,282.0,300.0,276.0,300.0,76459800.0
2025-07-22,304.0,312.0,286.0,286.0,72956800.0
2025-07-23,284.0,316.0,276.0,310.0,166628300.0
2025-07-24,310.0,330.0,300.0,302.0,193198200.0
2025-07-25,304.0,316.0,296.0,300.0,61351600.0
2025-07-28,300.0,304.0,294.0,296.0,27326600.0
2025-07-29,298.0,314.0,290.0,308.0,75334000.0
2025-07-30,310.0,314.0,298.0,302.0,53483900.0
2025-07-31,308.0,312.0,296.0,296.0,37808900.0
2025-08-01,298.0,306.0,296.0,300.0,31932800.0
2025-08-04,302.0,322.0,298.0,306.0,107795700.0
2025-08-05,310.0,316.0,300.0,304.0,42062500.0
2025-08-06,304.0,310.0,300.0,302.0,23463700.0
2025-08-07,306.0,310.0,300.0,304.0,27944000.0
2025-08-08,304.0,306.0,276.0,290.0,58288800.0
2025-08-11,290.0,306.0,280.0,296.0,71341300.0
2025-08-12,300.0,308.0,296.0,298.0,35143100.0
2025-08-13,300.0,310.0,292.0,302.0,42066600.0
2025-08-14,304.0,308.0,298.0,302.0,28672700.0
2025-08-15,302.0,302.0,290.0,290.0,26378800.0
2025-08-19,290.0,304.0,286.0,300.0,29646500.0
2025-08-20,300.0,318.0,296.0,310.0,70456200.0
2025-08-21,320.0,338.0,300.0,308.0,162979900.0
2025-08-22,310.0,318.0,304.0,304.0,30974200.0
2025-08-25,302.0,316.0,302.0,310.0,43501500.0
2025-08-26,314.0,316.0,310.0,312.0,19756500.0
2025-08-27,312.0,322.0,308.0,316.0,48780700.0
2025-08-28,318.0,320.0,310.0,310.0,17062000.0
2025-08-29,308.0,308.0,272.0,286.0,79365300.0
2025-09-01,280.0,280.0,244.0,276.0,33640400.0
2025-09-02,280.0,290.0,280.0,284.0,22383600.0
2025-09-03,286.0,310.0,282.0,296.0,75060000.0
2025-09-04,304.0,310.0,292.0,292.0,39018700.0
2025-09-08,298.0,306.0,294.0,294.0,28737100.0
2025-09-09,294.0,300.0,286.0,290.0,16617000.0
2025-09-10,292.0,296.0,286.0,290.0,8073600.0
2025-09-11,292.0,296.0,288.0,294.0,10888600.0
2025-09-12,296.0,302.0,294.0,298.0,18220300.0
2025-09-15,302.0,304.0,298.0,302.0,16860200.0
2025-09-16,302.0,304.0,294.0,298.0,13139700.0
2025-09-17,300.0,302.0,294.0,294.0,10362400.0
2025-09-18,298.0,304.0,288.0,292.0,23497900.0
2025-09-19,292.0,294.0,286.0,288.0,7300800.0
2025-09-22,288.0,290.0,282.0,286.0,11094400.0
2025-09-23,286.0,290.0,284.0,288.0,7111100.0
2025-09-24,286.0,290.0,284.0,284.0,6591500.0
2025-09-25,284.0,286.0,278.0,280.0,13480800.0
2025-09-26,280.0,282.0,276.0,278.0,5672200.0
2025-09-29,278.0,284.0,276.0,282.0,7641400.0
2025-09-30,286.0,286.0,278.0,278.0,7409800.0
2025-10-01,284.0,304.0,280.0,294.0,113110200.0
2025-10-02,294.0,296.0,284.0,286.0,27964400.0
2025-10-03,288.0,294.0,286.0,288.0,18025100.0
2025-10-06,290.0,300.0,286.0,288.0,31269000.0
2025-10-07,290.0,292.0,280.0,280.0,14426600.0
2025-10-08,286.0,290.0,280.0,286.0,19902400.0
2025-10-09,288.0,294.0,284.0,286.0,13284300.0
2025-10-10,286.0,288.0,282.0,284.0,6886300.0
2025-10-13,282.0,284.0,276.0,278.0,12417300.0
2025-10-14,278.0,282.0,272.0,272.0,11185200.0
2025-10-15,272.0,274.0,262.0,266.0,11724100.0
2025-10-16,268.0,276.0,264.0,268.0,5531700.0
2025-10-17,268.0,270.0,250.0,250.0,14163700.0
2025-10-20,252.0,264.0,252.0,260.0,4385300.0
2025-10-21,264.0,272.0,260.0,266.0,9372100.0
2025-10-22,268.0,268.0,260.0,266.0,5477900.0
2025-10-23,266.0,272.0,264.0,270.0,5354400.0
2025-10-24,272.0,276.0,268.0,270.0,5863600.0
2025-10-27,270.0,274.0,262.0,266.0,4733900.0
2025-10-28,270.0,274.0,268.0,270.0,4376700.0
2025-10-29,270.0,272.0,268.0,272.0,4411500.0
2025-10-30,286.0,294.0,276.0,284.0,37813500.0
2025-10-31,284.0,286.0,276.0,282.0,9292300.0
2025-11-03,286.0,290.0,282.0,290.0,18485800.0
2025-11-04,288.0,290.0,282.0,286.0,8246900.0
2025-11-05,284.0,290.0,280.0,288.0,6058300.0
2025-11-06,288.0,292.0,286.0,292.0,13459300.0
2025-11-07,292.0,310.0,288.0,300.0,91352500.0
2025-11-10,302.0,302.0,290.0,290.0,26157300.0
2025-11-11,294.0,304.0,290.0,292.0,36945400.0
2025-11-12,294.0,300.0,290.0,296.0,12944500.0
2025-11-13,298.0,298.0,292.0,292.0,7543500.0
2025-11-14,292.0,298.0,290.0,290.0,12863300.0
2025-11-17,290.0,302.0,290.0,290.0,22950700.0
2025-11-18,292.0,292.0,282.0,286.0,13398100.0
2025-11-19,284.0,290.0,282.0,284.0,11720500.0
2025-11-20,284.0,290.0,282.0,282.0,7959400.0
2025-11-21,282.0,286.0,280.0,282.0,6864900.0
2025-11-24,284.0,288.0,282.0,284.0,5103100.0
2025-11-25,286.0,288.0,282.0,284.0,5469800.0
2025-11-26,286.0,300.0,280.0,298.0,40132700.0
2025-11-27,300.0,300.0,290.0,290.0,17241000.0
2025-11-28,292.0,294.0,286.0,286.0,7773200.0
2025-12-01,288.0,298.0,288.0,290.0,11059800.0
2025-12-02,294.0,294.0,288.0,290.0,9780800.0
2025-12-03,290.0,296.0,290.0,292.0,7875000.0
2025-12-04,294.0,306.0,294.0,298.0,49638300.0
2025-12-05,298.0,306.0,296.0,298.0,26934700.0
2025-12-08,300.0,304.0,294.0,298.0,22678800.0
2025-12-09,302.0,320.0,296.0,304.0,89144100.0
2025-12-10,302.0,314.0,292.0,296.0,69998400.0
2025-12-11,296.0,302.0,280.0,280.0,61859500.0
2025-12-12,286.0,288.0,280.0,282.0,10941800.0
2025-12-15,282.0,294.0,282.0,288.0,39265400.0
2025-12-16,290.0,292.0,286.0,286.0,7728700.0
2025-12-17,286.0,290.0,286.0,288.0,5662600.0
2025-12-18,288.0,290.0,284.0,290.0,8631700.0
2025-12-19,290.0,290.0,282.0,282.0,12501000.0
2025-12-22,284.0,288.0,284.0,286.0,7658900.0
2025-12-23,286.0,288.0,284.0,284.0,4482300.0
2025-12-24,286.0,290.0,282.0,284.0,4735400.0
2025-12-29,284.0,286.0,282.0,286.0,5149000.0
2025-12-30,288.0,288.0,284.0,288.0,7127400.0
2026-01-02,288.0,292.0,288.0,288.0,9362300.0
2026-01-05,288.0,292.0,286.0,290.0,10543100.0
2026-01-06,292.0,294.0,288.0,290.0,6591300.0
2026-01-07,290.0,294.0,288.0,288.0,9901600.0
2026-01-08,290.0,296.0,288.0,294.0,17639100.0
2026-01-09,294.0,312.0,290.0,310.0,31326400.0
2026-01-12,308.0,308.0,290.0,294.0,50519800.0
2026-01-13,298.0,306.0,294.0,296.0,14823700.0
2026-01-14,296.0,298.0,292.0,296.0,6546100.0
2026-01-15,294.0,304.0,294.0,300.0,16188300.0
2026-01-19,300.0,304.0,296.0,300.0,8131600.0
2026-01-20,302.0,302.0,296.0,296.0,6634200.0
2026-01-21,296.0,298.0,284.0,288.0,16585700.0
2026-01-22,290.0,298.0,286.0,294.0,13326200.0
2026-01-23,294.0,296.0,284.0,290.0,9462400.0
2026-01-26,284.0,292.0,284.0,286.0,6477800.0
2026-01-27,292.0,292.0,282.0,286.0,8960100.0
2026-01-28,284.0,284.0,272.0,272.0,17804700.0
2026-01-29,272.0,272.0,232.0,258.0,41142300.0
2026-01-30,258.0,270.0,258.0,266.0,7694900.0
2026-02-02,272.0,272.0,256.0,260.0,14881100.0
2026-02-03,262.0,268.0,260.0,266.0,3960900.0
2026-02-04,268.0,276.0,266.0,266.0,10122100.0
2026-02-05,272.0,276.0,270.0,276.0,4191900.0
2026-02-06,270.0,274.0,264.0,268.0,4818600.0
2026-02-09,268.0,272.0,262.0,268.0,2442900.0
2026-02-10,268.0,280.0,266.0,274.0,7977500.0
2026-02-11,276.0,278.0,270.0,274.0,5414500.0
2026-02-12,276.0,298.0,274.0,298.0,36281200.0
2026-02-13,298.0,298.0,286.0,288.0,16807900.0
2026-02-18,288.0,290.0,284.0,288.0,9038900.0
2026-02-19,288.0,288.0,282.0,282.0,5960100.0
2026-02-20,284.0,292.0,282.0,286.0,13446900.0
2026-02-23,288.0,296.0,284.0,292.0,17274500.0
2026-02-24,296.0,296.0,284.0,288.0,13710800.0
2026-02-25,288.0,292.0,284.0,286.0,6507700.0
2026-02-26,290.0,290.0,274.0,276.0,10537100.0
2026-02-27,276.0,278.0,270.0,274.0,5298800.0
2026-03-02,266.0,268.0,256.0,258.0,16107700.0
2026-03-03,254.0,264.0,254.0,260.0,7057200.0
2026-03-04,260.0,260.0,242.0,242.0,12646100.0
2026-03-05,244.0,254.0,244.0,250.0,4034400.0
2026-03-06,250.0,252.0,244.0,248.0,1656500.0
2026-03-09,240.0,242.0,220.0,226.0,10174600.0
2026-03-10,230.0,238.0,230.0,232.0,3883300.0
2026-03-11,232.0,240.0,230.0,234.0,4502800.0
2026-03-12,234.0,238.0,228.0,228.0,1699300.0
2026-03-13,230.0,230.0,210.0,216.0,5359600.0
2026-03-16,214.0,216.0,204.0,214.0,3597500.0
2026-03-17,214.0,222.0,214.0,214.0,1753000.0
2026-03-25,214.0,224.0,206.0,224.0,2253600.0
2026-03-26,224.0,228.0,222.0,224.0,1794800.0
2026-03-27,226.0,226.0,220.0,222.0,1121600.0
2026-03-30,222.0,222.0,210.0,218.0,3417200.0
2026-03-31,220.0,222.0,214.0,214.0,1861400.0
2026-04-01,216.0,238.0,216.0,228.0,5260800.0
2026-04-02,228.0,228.0,216.0,218.0,2268800.0
2026-04-06,218.0,220.0,210.0,218.0,1315800.0
2026-04-07,218.0,218.0,212.0,214.0,1623800.0
2026-04-08,216.0,222.0,216.0,220.0,3394800.0
2026-04-09,220.0,222.0,214.0,218.0,2911000.0
2026-04-10,218.0,222.0,216.0,218.0,3411600.0
2026-04-13,218.0,218.0,214.0,218.0,2926000.0
2026-04-14,218.0,224.0,216.0,224.0,7209200.0
2026-04-15,224.0,242.0,224.0,238.0,31375700.0
2026-04-16,238.0,238.0,228.0,230.0,10774700.0
2026-04-17,232.0,242.0,232.0,236.0,6767300.0
2026-04-20,236.0,238.0,222.0,226.0,6319500.0
2026-04-21,228.0,238.0,226.0,232.0,7013000.0
2026-04-22,234.0,242.0,232.0,236.0,5174000.0
2026-04-23,234.0,236.0,228.0,230.0,4179700.0
2026-04-24,230.0,232.0,214.0,218.0,6700500.0
2026-04-27,218.0,234.0,218.0,228.0,6855800.0
2026-04-28,228.0,228.0,222.0,224.0,2345400.0
2026-04-29,228.0,228.0,220.0,224.0,4436600.0
2026-04-30,222.0,226.0,210.0,216.0,6619700.0
2026-05-04,216.0,218.0,198.0,200.0,17637400.0
2026-05-05,200.0,206.0,198.0,200.0,10549500.0
2026-05-06,204.0,204.0,198.0,199.0,7948100.0
2026-05-07,199.0,204.0,198.0,202.0,12495300.0
2026-05-08,202.0,202.0,198.0,199.0,5719900.0
2026-05-11,199.0,199.0,192.0,197.0,6944900.0
2026-05-12,197.0,197.0,193.0,196.0,2051200.0
2026-05-13,196.0,196.0,192.0,193.0,1571200.0
2026-05-14,193.0,193.0,193.0,193.0,0.0
2026-05-15,193.0,193.0,193.0,193.0,0.0
2026-05-18,193.0,194.0,183.0,187.0,5279200.0
2026-05-19,187.0,191.0,176.0,179.0,3725600.0
2026-05-20,179.0,179.0,163.0,174.0,12902500.0
2026-05-21,174.0,174.0,160.0,164.0,4374400.0
2026-05-22,164.0,167.0,159.0,165.0,1972300.0
2026-05-25,165.0,173.0,165.0,171.0,3222100.0
2026-05-26,171.0,176.0,170.0,171.0,1950300.0
2026-05-27,171.0,171.0,171.0,171.0,0.0
2026-05-28,171.0,171.0,171.0,171.0,0.0
2026-05-29,171.0,171.0,166.0,167.0,2409000.0
2026-06-02,167.0,170.0,165.0,168.0,2084400.0
2026-06-03,168.0,168.0,159.0,159.0,3142000.0
2026-06-04,159.0,160.0,150.0,153.0,3420300.0
2026-06-05,154.0,154.0,140.0,142.0,4817500.0
2026-06-08,141.0,141.0,130.0,132.0,2675900.0
2026-06-09,129.0,143.0,129.0,141.0,4864200.0
2026-06-10,145.0,149.0,141.0,148.0,3706200.0
2026-06-11,148.0,149.0,140.0,143.0,2054500.0
2026-06-12,143.0,148.0,141.0,146.0,5707200.0
2026-06-15,147.0,161.0,147.0,157.0,4082800.0
2026-06-17,157.0,164.0,155.0,158.0,2383000.0
2026-06-18,158.0,159.0,152.0,155.0,1770000.0
2026-06-19,159.0,172.0,156.0,162.0,9275200.0
2026-06-22,162.0,163.0,157.0,162.0,1800500.0
2026-06-23,162.0,167.0,157.0,159.0,3630100.0
2026-06-24,159.0,163.0,154.0,154.0,2940800.0
2026-06-25,155.0,157.0,154.0,156.0,2059500.0
2026-06-26,156.0,157.0,147.0,152.0,2267500.0
2026-06-29,151.0,152.0,146.0,146.0,2281100.0
2026-06-30,146.0,147.0,141.0,145.0,1912400.0
2026-07-01,145.0,147.0,143.0,145.0,972000.0
2026-07-02,145.0,167.0,144.0,144.0,19033200.0
2026-07-03,146.0,151.0,145.0,150.0,2333800.0
2026-07-06,150.0,152.0,147.0,151.0,913000.0
2026-07-07,152.0,159.0,148.0,159.0,4596700.0
2026-07-08,159.0,160.0,150.0,152.0,1959000.0
2026-07-09,152.0,154.0,148.0,152.0,1616100.0
2026-07-10,151.0,152.0,149.0,150.0,777400.0
2026-07-13,151.0,151.0,148.0,150.0,1162400.0
2026-07-14,151.0,154.0,150.0,151.0,4507700.0
2026-07-15,152.0,155.0,151.0,151.0,1370100.0
2026-07-16,154.0,156.0,151.0,154.0,2698400.0
2026-07-17,154.0,158.0,154.0,157.0,2085200.0
2026-07-20,157.0,159.0,157.0,157.0,2208100.0
2026-07-21,157.0,170.0,157.0,164.0,7559400.0
2026-07-22,165.0,170.0,164.0,166.0,2344600.0
2026-07-23,170.0,172.0,164.0,168.0,7511200.0
2026-07-24,166.0,166.0,156.0,158.0,4226100.0
2026-07-27,159.0,162.0,156.0,160.0,1848800.0
2026-07-28,161.0,162.0,157.0,162.0,3392400.0
2026-07-29,162.0,162.0,156.0,159.0,2054600.0
2026-07-30,159.0,162.0,159.0,161.0,2062500.0
2026-07-31,161.0,166.0,161.0,163.0,2559400.0
2026-08-03,163.0,166.0,161.0,162.0,936400.0
2026-08-04,165.0,171.0,162.0,165.0,5497600.0
2026-08-05,165.0,169.0,163.0,168.0,2723000.0
2026-08-06,170.0,174.0,166.0,171.0,3729300.0
2026-08-07,171.0,171.0,167.0,170.0,3305900.0
2026-08-10,171.0,172.0,167.0,168.0,2691000.0
2026-08-11,168.0,176.0,165.0,165.0,10747000.0
2026-08-12,165.0,169.0,164.0,168.0,1739300.0
2026-08-13,168.0,168.0,165.0,166.0,2925000.0
2026-08-14,166.0,170.0,165.0,167.0,2973600.0
